"Cohort","C_Index"
"original",0.993011986393129
"full_with_covid",0.998479913919332
"non_covid_full",0.995337857102592
