split,model,cindex
1,ORSF,0.374141403182826
1,RSF,0.3707104062273273
1,XGB,0.3690355915079435
2,ORSF,0.3831475206104002
2,RSF,0.3889567271912775
2,XGB,0.3694409722473103
