period,method,cindex_td_mean,cindex_td_sd,cindex_td_ci_lower,cindex_td_ci_upper,cindex_ti_mean,cindex_ti_sd,cindex_ti_ci_lower,cindex_ti_ci_upper,n_splits
original,RSF,0.7657069408436767,0.022309368486186688,0.7174862704859655,0.8057215599024237,0.6444477736391108,0.016597862448809612,0.6126431100330683,0.673338681411155,100
original,CatBoost,0.4832633150135523,0.03441623168343565,0.42346785569494466,0.5550816206429215,0.4936946558789088,0.021132431231386233,0.4563746614895374,0.5335883969426995,100
original,AORSF,0.7394403258699169,0.023046790983448463,0.6923411252589453,0.7820360218737032,0.6293417313301332,0.01692472548017029,0.5943809719145066,0.6608657105822007,100
full,RSF,0.7765718235898723,0.020456195349715704,0.7401214931202127,0.8185652918541374,0.673242083034292,0.015081080405693484,0.6468100195173827,0.6983558044311677,100
full,CatBoost,0.4845732904354077,0.035726872454251025,0.4298923618155477,0.5662062916345868,0.48542793269560247,0.02177313679665101,0.4488229092588901,0.5304948727117933,100
full,AORSF,0.7513660513677306,0.021426994848858315,0.7127345541872705,0.7953200407722885,0.6553627449673582,0.01569976837602766,0.622089503989125,0.6886849397309773,100
full_no_covid,RSF,0.7618129886819126,0.021871907037332848,0.7164224114420661,0.800468180360651,0.6414826683762904,0.01642931183236419,0.6114649369897319,0.6704542526530922,100
full_no_covid,CatBoost,0.4783565158883351,0.037465059875060436,0.40670380981941134,0.5652774503707767,0.4894977324698794,0.019853223653073248,0.45413795191613454,0.5308706119370455,100
full_no_covid,AORSF,0.7368614851572812,0.02389203152564277,0.6941299714342852,0.7795268925755316,0.6262034877320568,0.016534559367454217,0.5953590051378735,0.6574396957924036,100
