period,n_patients,n_events,event_rate
original,4036,768,19.028741328047573
full,5835,939,16.09254498714653
full_no_covid,4196,774,18.446139180171592
